store_id,year,state,shore,empft,emppt,nmgrs,wage_st,pentree,fte
449,1993,0,0,15,15,5,5,.7300000190734863,25.5
75,1993,1,0,4,11,3,5.050000190734863,2.75,10.5
208,1993,1,0,5,32,3,5.050000190734863,1.049999952316284,22
33,1993,1,0,6,11,5,5.050000190734863,1.049999952316284,14.5
211,1993,1,0,2,35,4,5.050000190734863,,21.5
337,1993,1,0,25,5,3,5.050000190734863,,28.5
145,1992,1,0,5,17,3,5,.949999988079071,16.5
381,1992,1,0,10,20,4,5,1.100000023841858,24
183,1992,1,0,12,4,4,4.619999885559082,2.660000085830688,18
462,1993,0,0,1,25,4,4.75,.8899999856948853,15.5
195,1993,1,1,8,25,3,5.050000190734863,2.109999895095825,21.5
443,1992,0,0,4,19,4,4.25,1.799999952316284,17.5
200,1993,1,0,5,40,4,5.050000190734863,.9800000190734863,27
141,1992,1,0,10,15,4,4.75,1.059999942779541,21.5
271,1993,1,0,0,15,3,5.050000190734863,2.279999971389771,8.5
426,1992,1,0,3,33,5,4.25,1.059999942779541,24.5
86,1993,1,0,9,12,4,5.050000190734863,1.039999961853027,17
496,1992,0,0,10,15,3,5,.7300000190734863,20.5
186,1993,1,0,12,18,4,5.050000190734863,.949999988079071,23
330,1992,1,1,4,16,3,5.420000076293945,.949999988079071,15
114,1992,1,0,0,35,5,4.75,.949999988079071,22.5
348,1993,1,0,0,0,0,,,-2
46,1993,0,0,3.5,35,3,4.300000190734863,.9399999976158142,22
488,1993,0,0,5,15,3,4.75,.9399999976158142,13.5
299,1992,1,0,3,8,2,5,2.339999914169312,9
83,1992,1,0,12.5,20,2,5,2.130000114440918,24.5
40,1992,0,0,10,20,7,4.25,.800000011920929,27
333,1993,1,0,3,20,3,5.050000190734863,.8700000047683716,14
24,1993,1,0,15,20,4,5.050000190734863,1,27
39,1992,0,0,1,32,2,4.25,.5199999809265137,19
269,1992,1,0,2,10,3,4.449999809265137,1.5,10
440,1993,0,0,0,30,3,,1.799999952316284,16
115,1993,1,0,6,15,4,5.050000190734863,1.009999990463257,15.5
82,1993,1,0,25,8,4,5.050000190734863,1.049999952316284,31
349,1992,1,0,2.5,27,5,5,.949999988079071,21
268,1992,1,0,10,18,4,5,.8500000238418579,23
218,1992,1,0,7,4,2,4.349999904632568,2.339999914169312,11
250,1992,1,1,1,4,2,4.5,,5
253,1993,1,0,4,8,6,5.050000190734863,2.279999971389771,12
228,1993,1,0,11,19,3,5.050000190734863,.8899999856948853,21.5
361,1993,1,0,4,23,6,5.050000190734863,.9200000166893005,19.5
12,1993,1,0,15,15,4,5.050000190734863,.9399999976158142,24.5
21,1993,1,0,0,11,2,5.050000190734863,2.430000066757202,5.5
405,1993,1,0,1.5,15,3,5.050000190734863,1.049999952316284,10
191,1993,1,0,0,25,4,5.050000190734863,1.049999952316284,14.5
215,1992,1,0,10,10,3,4.5,.9100000262260437,18
506,1993,0,0,3,7,4,5,2.329999923706055,8.5
197,1993,1,0,5,21,5,5.050000190734863,.949999988079071,18.5
146,1992,1,0,8,20,5,4.800000190734863,1.059999942779541,23
296,1992,1,0,5,16,4,5.300000190734863,1.009999990463257,17
264,1993,1,0,0,23,5,5.050000190734863,.9399999976158142,14.5
415,1993,1,0,0,38,4,5.050000190734863,1.039999961853027,21
45,1992,0,0,0,24,6,4.25,.8600000143051147,18
376,1993,1,0,0,17,3,5.050000190734863,1,9.5
274,1992,1,0,0,15,2,5.5,2.339999914169312,9.5
254,1992,1,1,20,10,3,,1.059999942779541,28
48,1992,0,0,6,20,3,4.25,.6299999952316284,19
149,1992,1,0,0,20,4,4.5,.949999988079071,14
363,1992,1,0,0,25,3,4.25,2.450000047683716,15.5
66,1992,1,0,15,18,3,4.25,.949999988079071,27
304,1993,1,0,10,15,4,5.050000190734863,1.049999952316284,19.5
364,1993,1,0,1,30,4,5.050000190734863,2.430000066757202,18
217,1993,1,0,0,12,3,5.050000190734863,2.319999933242798,7
71,1993,1,0,29,14,3,5.050000190734863,.949999988079071,37
38,1992,1,0,15,20,5,4.25,.9800000190734863,30
444,1993,0,0,10,35,4,4.5,.7900000214576721,29.5
290,1992,1,0,8,12,3,4.75,.949999988079071,17
314,1993,1,1,15,6,4,5.25,.9399999976158142,20
248,1993,1,0,10,14,6,5.050000190734863,2.029999971389771,21
97,1992,1,0,0,12,4,4.25,2.559999942779541,10
172,1992,1,0,0,24,5,4.75,1.059999942779541,17
284,1993,1,0,6,12,3,5.050000190734863,.9399999976158142,13
282,1992,1,0,2,14,3,4.25,.7900000214576721,12
67,1993,1,0,4,17.5,5,5.050000190734863,1.220000028610229,15.75
122,1992,1,0,1,38,5,4.25,1.120000004768372,25
200,1992,1,0,0,60,3,4.25,.9800000190734863,33
84,1992,1,0,4,30,5,4.5,.9100000262260437,24
412,1992,1,0,0,17,2,4.5,2.339999914169312,10.5
80,1993,1,0,11,14,3,5.050000190734863,.9900000095367432,19
341,1993,1,0,3,7,3,5.050000190734863,2.319999933242798,7.5
317,1993,1,1,4,0,3,5.050000190734863,1.049999952316284,5
180,1992,1,1,8,3,4,4.5,2.660000085830688,13.5
366,1992,1,0,2,17,3,4.5,.6299999952316284,13.5
159,1993,1,0,10,5,4,5.25,2.490000009536743,14.5
430,1993,0,0,0,48,3,4.25,.75,25
33,1992,1,0,12,20,4,5,.949999988079071,26
120,1993,1,0,0,30,4,5.050000190734863,1.049999952316284,17
384,1993,1,0,0,30,3,5.050000190734863,.8899999856948853,16
301,1992,1,0,8,12,5,5,2.339999914169312,19
164,1992,1,0,4,30,4,5,1.059999942779541,23
319,1992,1,1,0,11,3,4.619999885559082,3.950000047683716,8.5
299,1993,1,0,6,12,2,5.050000190734863,2.319999933242798,12
380,1992,1,0,10,15,3,4.5,.949999988079071,20.5
5,1992,1,0,5,30,4,4.5,2.130000114440918,24
181,1993,1,0,1,15,2,5.050000190734863,2.490000009536743,8.5
202,1993,1,0,13,11,4,5.050000190734863,.6399999856948853,20.5
354,1992,1,0,14,7,3,5.059999942779541,.949999988079071,20.5
57,1992,0,0,30,10,3,4.670000076293945,.8999999761581421,38
2,1993,1,0,7.5,10,3,5.25,.9399999976158142,13.5
182,1993,1,1,0,15,3,5.050000190734863,2.730000019073486,8.5
470,1993,0,0,18,10,3,4.75,.9399999976158142,24
113,1993,1,0,2,40,5,5.050000190734863,.9800000190734863,25
428,1993,1,0,10,24,3,5.139999866485596,2.109999895095825,23
522,1992,0,0,2,30,4,4.349999904632568,.9399999976158142,21
493,1992,0,0,27,12,3,5,2.009999990463257,36
217,1992,1,0,2,13,2,4.25,2.190000057220459,10.5
130,1992,1,0,7,25.5,3,4.5,1,22.75
321,1993,1,1,4,11,2,5.050000190734863,2.430000066757202,9.5
491,1993,0,0,0,0,0,,,-2
522,1993,0,0,3,23,3,4.25,.949999988079071,15.5
434,1992,0,0,15,50,5,4.25,,45
418,1992,1,0,30,15,4,4.25,.5199999809265137,41.5
400,1992,1,0,16,15,3,4.5,1.059999942779541,26.5
135,1992,1,0,10,20,4,,,24
129,1992,1,0,20,20,3,5.25,.7400000095367432,33
235,1993,1,0,,28,3,5.050000190734863,1.029999971389771,
214,1993,1,0,0,35,5,5.050000190734863,.9599999785423279,20.5
511,1992,0,0,4,16,3,4.75,1.049999952316284,15
503,1992,0,0,7.5,14,4,4.75,.9100000262260437,18.5
148,1993,1,0,7.5,30,4,5.050000190734863,.9399999976158142,24.5
360,1993,1,0,5,32,7,5.050000190734863,.8199999928474426,26
238,1993,1,0,25,15,5,5.050000190734863,2.319999933242798,35.5
247,1992,1,0,0,40,4,4.5,1.059999942779541,24
208,1992,1,0,12,32,4,4.619999885559082,.8500000238418579,32
106,1992,1,0,0,35,3,4.25,.949999988079071,20.5
310,1993,1,0,3,23,3,5.050000190734863,2.059999942779541,15.5
277,1992,1,0,2,15,3,4.25,2.339999914169312,12.5
501,1992,0,0,14,15,3,4.25,.9399999976158142,24.5
337,1992,1,0,5,29.5,5,4.869999885559082,.9300000071525574,24.75
288,1993,1,0,5,9,3,5.050000190734863,.8899999856948853,10.5
316,1993,1,1,12,14,3,5.050000190734863,.9399999976158142,20
445,1993,0,0,15,18,5,4.75,.9399999976158142,27
268,1993,1,0,0,42.5,2,5.050000190734863,.8399999737739563,21.25
183,1993,1,0,15,10,2,5.050000190734863,2.75,20
446,1992,0,0,,,3,4.5,.9399999976158142,
145,1993,1,0,10,8,4,5.28000020980835,.949999988079071,16
29,1992,1,0,0,7,2,4.5,2.559999942779541,5.5
231,1993,1,0,16,6,4,5.050000190734863,.949999988079071,21
412,1993,1,0,0,13,2,5.050000190734863,2.640000104904175,6.5
2,1992,1,0,10,6,3,4.75,.9599999785423279,16
193,1993,1,1,4,9,3,5.050000190734863,1.259999990463257,9.5
285,1993,1,0,3,15,3,5.050000190734863,1.009999990463257,11.5
4,1993,1,0,5,30,4,5.050000190734863,.8899999856948853,22
166,1992,1,0,8,32,5,4.75,1.059999942779541,29
30,1993,1,0,4,3,2,5.050000190734863,2.690000057220459,5.5
335,1992,1,0,9,10,3,,.9200000166893005,17
239,1992,1,0,15,4,3,4.25,2.740000009536743,20
373,1993,1,0,18,15,4,5.050000190734863,1.019999980926514,27.5
491,1992,0,0,4,25,2,4.5,.949999988079071,18.5
105,1992,1,0,0,40,4,4.25,1.029999971389771,24
32,1992,1,0,10,20.5,3,4.5,1.059999942779541,23.25
377,1993,1,0,11,12,3,5.050000190734863,.9399999976158142,18
36,1993,1,0,10,35,6,5.050000190734863,1.190000057220459,31.5
123,1992,1,0,0,20,5,,1.009999990463257,15
35,1993,1,0,13,18,3,5.050000190734863,,23
115,1992,1,0,20,25,4,4.75,1.059999942779541,36.5
65,1992,1,0,0,20,4,4.800000190734863,1.110000014305115,14
314,1992,1,1,8,12,3,4.619999885559082,.9100000262260437,17
286,1992,1,0,1,15,3,4.75,.949999988079071,11.5
370,1992,1,0,20,11.5,3.299999952316284,4.849999904632568,.949999988079071,29.04999923706055
125,1992,1,0,15,0,4,4.5,2.339999914169312,19
69,1992,1,0,0,27,3,4.25,.949999988079071,16.5
434,1993,0,0,19,29,4,4.25,.800000011920929,35.5
17,1993,1,0,4,35,4,5.050000190734863,.949999988079071,23.5
198,1993,1,0,10,32,4,5.050000190734863,.9399999976158142,28
48,1993,0,0,7.5,25,5,4.380000114440918,.8700000047683716,23
401,1992,1,0,8,6,4,4.25,1.019999980926514,15
13,1993,1,0,2,11,3,5,2.75,8.5
421,1992,1,0,20,10,8,4.619999885559082,2.339999914169312,33
23,1992,1,0,0,25,3,4.5,.949999988079071,15.5
14,1993,1,0,4,17,3,5.050000190734863,2.599999904632568,13.5
58,1993,0,0,0,28,4,4.5,.9399999976158142,16
297,1993,1,0,15,30,4,5.050000190734863,.9800000190734863,32
123,1993,1,0,5,25,4,5.050000190734863,1,19.5
47,1993,0,0,0,45,2,4.25,.8600000143051147,22.5
136,1993,1,0,,,,,,
223,1993,1,0,3,20,3,5.050000190734863,.9399999976158142,14
22,1992,1,0,3,15,4,4.349999904632568,.949999988079071,14.5
356,1992,1,0,11.5,10,4,5.050000190734863,1.059999942779541,20.5
221,1993,1,0,1,15,3,5.050000190734863,2.529999971389771,9.5
451,1993,0,0,26,9,6,5,.9399999976158142,34.5
423,1992,1,0,2,10,2,4.949999809265137,2.339999914169312,9
45,1993,0,0,11,12,2,4.25,.8600000143051147,17
361,1992,1,0,6,13,5,4.25,.8500000238418579,17.5
493,1993,0,0,0,30,4,4.900000095367432,.8399999737739563,17
411,1993,1,0,4,36,3,5.050000190734863,1.009999990463257,23
351,1993,1,0,10,20,4,5.050000190734863,.7300000190734863,22
317,1992,1,1,0,8,2,4.25,.9599999785423279,6
384,1992,1,0,,,3,4.650000095367432,.949999988079071,
76,1993,1,0,25,15,6,5.050000190734863,1.049999952316284,36.5
76,1992,1,0,8,32,4,4.25,1.019999980926514,28
178,1992,1,1,13,12,3,4.25,2.339999914169312,22
88,1992,1,0,3,35,3,4.25,.9100000262260437,23.5
474,1992,0,0,6,9,3,5,1.009999990463257,13.5
86,1992,1,0,11,11,4,4.25,1.100000023841858,20.5
289,1992,1,0,2,12,2,4.25,.949999988079071,10
303,1992,1,0,10,35,3,4.349999904632568,1.019999980926514,30.5
307,1992,1,0,17.5,17.5,4,4.25,1.059999942779541,30.25
515,1993,0,0,5,19,3,4.75,.9399999976158142,15.5
63,1992,1,0,26,6,,4.25,1.169999957084656,
197,1992,1,0,23,10,4,5,.8899999856948853,32
364,1992,1,0,3.5,20,3,4.25,2.450000047683716,16.5
220,1992,1,0,3,15,2,4.25,2.769999980926514,12.5
498,1993,0,0,21,5.5,3,5,.8999999761581421,24.75
152,1993,1,0,12,13.5,5,5.050000190734863,.9399999976158142,21.75
162,1992,1,0,0,40,3,4.75,1.059999942779541,23
450,1993,0,0,27.5,8,3,4.75,.8600000143051147,32.5
410,1993,1,0,0,35,3,5.050000190734863,1.009999990463257,18.5
6,1992,1,0,2,2,2,5,2.349999904632568,5
422,1993,1,0,5,10,6,5.050000190734863,2.319999933242798,14
151,1992,1,0,1,12,3,5,1.039999961853027,10
140,1992,1,0,0,40,3,4.5,1.059999942779541,23
372,1992,1,0,0,45,5,,1.100000023841858,27.5
96,1992,1,0,0,15,2,4.25,2.660000085830688,9.5
438,1992,0,0,0,9,3,4.25,2.430000066757202,7.5
322,1992,1,1,8,13,4,4.75,1.019999980926514,18.5
92,1992,1,1,4,18,4,4.25,1.029999971389771,17
350,1993,1,0,5,20,2,5.050000190734863,.8899999856948853,15
473,1992,0,0,5,27,4,4.75,.8899999856948853,22.5
292,1993,1,1,15,11,3,5.050000190734863,2.690000057220459,21.5
138,1992,1,0,4.5,25.5,2,,1.059999942779541,19.25
501,1993,0,0,30,15,6,4.75,.9100000262260437,41.5
230,1993,1,0,15,17,3,5.050000190734863,.9399999976158142,24.5
131,1992,1,0,15,25,4,5.5,1.059999942779541,31.5
30,1992,1,0,6,4,2,5,2.529999971389771,10
16,1993,1,0,7,17,3,5.050000190734863,.9399999976158142,16.5
157,1993,1,0,12,8,2,5.5,2.470000028610229,16
468,1992,0,0,40,30,3,5,.949999988079071,58
514,1993,0,0,23,16,3,4.25,1.049999952316284,32
318,1992,1,1,5,7,3,4.75,2.609999895095825,11.5
339,1993,1,0,5,9,2,5.050000190734863,.949999988079071,9.5
104,1993,1,1,11,10,3,5.050000190734863,.9399999976158142,17
112,1992,1,0,4,26,3,5,1.059999942779541,20
3,1992,1,0,6,13,3,4.25,3.089999914169312,15.5
354,1993,1,0,9,7,3,5.050000190734863,.9399999976158142,13.5
209,1992,1,0,4,36,4,4.25,.949999988079071,26
496,1993,0,0,10,10,3,4.75,.8899999856948853,16
107,1993,1,0,13.5,10,2,5.050000190734863,1,18.5
249,1993,1,1,10,12,3,5.050000190734863,.9399999976158142,17
510,1993,0,0,2.5,17.5,3,,,12.25
290,1993,1,0,0,23,2,5.050000190734863,.9399999976158142,11.5
1,1993,1,0,20,40,4,5.050000190734863,.8999999761581421,42
427,1993,1,0,0,35,3,5.050000190734863,2.069999933242798,18.5
78,1993,1,0,10,12,2,5.050000190734863,1.049999952316284,16
295,1993,1,0,,21,4,5.050000190734863,.9399999976158142,
176,1993,1,0,20,27.5,4,5.050000190734863,,35.75
311,1993,1,0,35,30,3,5.050000190734863,1.049999952316284,51
515,1992,0,0,7,16,4,5,1.159999966621399,19
417,1993,1,0,13,17,4,5.050000190734863,1,23.5
380,1993,1,0,15,14,3,5.050000190734863,.9399999976158142,23
297,1992,1,0,9,15,3,4.25,.9800000190734863,19.5
521,1992,0,0,2.5,20,3,4.25,.5199999809265137,15.5
12,1992,1,0,6.5,23.5,3,4.369999885559082,.9100000262260437,21.25
259,1992,1,0,13,12,4,5,.8500000238418579,23
124,1993,1,0,21,6,4,5.050000190734863,1.120000004768372,26
362,1992,1,0,6,13,,4.25,2.450000047683716,
39,1993,0,0,5,15,3,,.6299999952316284,13.5
269,1993,1,0,10,3,4,5.050000190734863,2.319999933242798,13.5
255,1993,1,0,8,12,2,,2.109999895095825,14
476,1992,0,0,6,30,3,4.25,.9100000262260437,24
139,1993,1,0,11,25,5,5.5,,26.5
59,1992,0,0,0,15,3,4.25,.8100000023841858,10.5
87,1993,1,1,0,30,5,5.050000190734863,1.039999961853027,18
138,1993,1,0,2,33,3,5.050000190734863,.9399999976158142,19.5
362,1993,1,0,24,4,4,5.050000190734863,2.430000066757202,28
483,1992,0,0,1,15,1,5,2.319999933242798,9.5
68,1992,1,0,30,10,3,4.25,1.019999980926514,38
350,1992,1,0,8,9,4,4.75,1.120000004768372,16.5
163,1993,1,0,1.5,33,3,5.050000190734863,,19
147,1993,1,0,6,0,3,5.25,.9100000262260437,7
237,1992,1,0,12,11,4,4.25,1.009999990463257,21.5
212,1992,1,0,11,17.5,3,4.5,.8399999737739563,22.75
303,1993,1,0,12,35,3,5.050000190734863,1.049999952316284,30.5
454,1992,0,0,1,9,3,4.5,2.529999971389771,8.5
77,1992,1,0,6,50,4,5,1.169999957084656,35
385,1992,1,0,16,14,3,4.25,,26
363,1993,1,0,14,7,2,5.199999809265137,2.430000066757202,17.5
301,1993,1,0,2,7,1,5.050000190734863,2.319999933242798,4.5
159,1992,1,0,6,12,2,4.5,2.339999914169312,14
158,1992,1,0,2,7,3,4.5,2.339999914169312,8.5
60,1993,0,0,10,20,5,4.25,.8600000143051147,23
10,1993,1,0,15,15,4,5.050000190734863,.9399999976158142,24.5
42,1993,0,0,0,22,5,4.25,,14
277,1993,1,0,1,14,3,5.050000190734863,2.319999933242798,9
95,1993,1,0,0,14,3,5.050000190734863,2.529999971389771,8
233,1993,1,0,15,7,3,5.050000190734863,.9399999976158142,19.5
131,1993,1,0,8,22,3,5.050000190734863,1.049999952316284,20
455,1993,0,0,3,12,2,5,2.319999933242798,9
119,1992,1,0,12,19,3,4.75,.949999988079071,24.5
469,1992,0,0,8,27,5,5,.9599999785423279,26.5
385,1993,1,0,15,14,3,5.050000190734863,.4099999964237213,23
3,1993,1,0,4,7,3,5.050000190734863,2.75,8.5
226,1992,1,0,0,22,2,4.25,.949999988079071,13
62,1993,0,0,,,,,1.789999961853027,
153,1993,1,0,26.5,10,3,5.050000190734863,.949999988079071,32.5
406,1993,1,0,17,22,4,5.5,1.990000009536743,30
511,1993,0,0,3,13,3,4.75,.8899999856948853,10.5
34,1992,1,0,5,15,3,4.949999809265137,1.059999942779541,15.5
489,1992,0,0,5,23,2,5,.9399999976158142,18.5
352,1993,1,0,,,,,.8899999856948853,
59,1993,0,0,0,16,4,4.25,.8600000143051147,10
137,1992,1,0,15,25,3,4.25,1.019999980926514,30.5
391,1992,1,0,15,5,2,4.25,2.660000085830688,19.5
438,1993,0,0,2,9,3,4.25,2.430000066757202,7.5
402,1992,1,0,11,10,3,4.75,1.059999942779541,19
182,1992,1,1,3,15,3,4.5,2.660000085830688,13.5
192,1993,1,0,4.5,30,3,5.25,1.259999990463257,20.5
310,1992,1,0,0,28,4,4.25,1.940000057220459,18
419,1993,1,0,5,5,2,5.050000190734863,2.529999971389771,7.5
187,1993,1,1,5,17.5,3,5.050000190734863,1.049999952316284,14.75
399,1993,1,0,18,18,4,5.050000190734863,1.049999952316284,29
112,1993,1,0,5,25,6,5.050000190734863,2.069999933242798,21.5
458,1992,0,0,2,10,2,5,2.319999933242798,9
19,1993,1,0,6,44,5,5.050000190734863,.949999988079071,31
142,1993,1,0,40,31,5,5.050000190734863,1.259999990463257,58.5
99,1993,1,1,30,50,4,5.050000190734863,2.319999933242798,57
169,1993,1,0,20,6,4,5.050000190734863,1.049999952316284,25
235,1992,1,0,5,17,1,4.25,1.039999961853027,14.5
34,1993,1,0,11,7,3,5.050000190734863,.7300000190734863,15.5
192,1992,1,0,20,10,4,4.869999885559082,1.059999942779541,29
137,1993,1,0,12,30,5,5.050000190734863,1.049999952316284,30
168,1993,1,0,0,32,4,5.25,1.139999985694885,18
10,1992,1,0,15,20,4,4.25,.8500000238418579,29
355,1993,1,0,3,17,2,,.8899999856948853,11.5
207,1992,1,0,8,10,4,4.75,2.339999914169312,17
24,1992,1,0,15,15,4,4.75,1.009999990463257,26.5
201,1992,1,0,0,33,3,4.5,.949999988079071,19.5
313,1993,1,1,0,30,,5.050000190734863,.8899999856948853,
417,1992,1,0,4,28,3,4.25,1.070000052452087,21
147,1992,1,0,8.5,6.5,3,5.119999885559082,.949999988079071,14.75
259,1993,1,0,15,15,4,5.050000190734863,.8399999737739563,24.5
133,1993,1,0,3,20,3,5.050000190734863,2.109999895095825,14
244,1993,1,0,16,12,6,5.050000190734863,1.049999952316284,26
37,1993,0,0,6,25,7,4.25,.8600000143051147,23.5
128,1993,1,0,3,16,2,5.050000190734863,2.319999933242798,11
397,1992,1,0,4,28,3,4.25,1.059999942779541,21
118,1992,1,0,10,15,4,4.25,1.009999990463257,21.5
63,1993,1,0,15,10,4,5.050000190734863,1.090000033378601,22
82,1992,1,0,8,14.5,3,5,1.059999942779541,18.25
98,1992,1,1,0,20,4,4.25,2.559999942779541,14
195,1992,1,1,0,30,3,4.25,1.059999942779541,18
334,1993,1,0,0,20,3,5.050000190734863,.8500000238418579,11
470,1992,0,0,10.5,30,3,5.5,.9399999976158142,28.5
6,1993,1,0,5,2,2,5.050000190734863,2.230000019073486,6
305,1992,1,0,0,20,3,4.389999866485596,1.059999942779541,13
343,1993,1,0,4,11,2,5.050000190734863,2.319999933242798,9.5
414,1993,1,0,13,9,4,5.050000190734863,1.129999995231628,19.5
409,1992,1,0,3,60,2,5,.949999988079071,35
196,1993,1,0,0,30,3,5.050000190734863,2.109999895095825,16
103,1992,1,0,12.5,10,3,5,.949999988079071,20.5
15,1993,1,0,5,20,3,5.050000190734863,2,16
203,1992,1,0,9,12,2,4.25,.949999988079071,17
312,1993,1,1,3,2,3,5.050000190734863,1.019999980926514,5
403,1992,1,0,13,31,,5.050000190734863,1.059999942779541,
353,1992,1,0,7.5,22.5,3,4.369999885559082,.949999988079071,21.75
178,1993,1,1,1,10,3,5.050000190734863,2.640000104904175,7
135,1993,1,0,8,24,3,5.050000190734863,1.049999952316284,21
490,1992,0,0,10,12.5,4,5,1.049999952316284,20.25
226,1993,1,0,0,26,2,5.300000190734863,.9399999976158142,13
1,1992,1,0,16,30,4,4.5,.8500000238418579,35
119,1993,1,0,18,13,4,5.050000190734863,.949999988079071,26.5
379,1992,1,0,20,12,4,4.619999885559082,.949999988079071,30
170,1993,1,0,20,20,4,5.050000190734863,1.179999947547913,32
450,1992,0,0,2,21,3,4.75,.8399999737739563,15.5
66,1993,1,0,26,10,4,5.050000190734863,.949999988079071,33
29,1993,1,0,0,13,3,5.050000190734863,2.640000104904175,7.5
101,1992,1,1,4.5,15,3,4.75,1.059999942779541,15
399,1992,1,0,13,8,3,4.869999885559082,1.120000004768372,20
146,1993,1,0,0,32,4.5,5.050000190734863,1.049999952316284,18.5
433,1993,0,0,0,42,4,,.7400000095367432,23
64,1993,1,0,13,13,3,5.050000190734863,.949999988079071,20.5
371,1993,1,0,11,22,5,5.25,,25
230,1992,1,0,0,25,3,4.25,.949999988079071,15.5
83,1993,1,0,,,4,5.050000190734863,.9900000095367432,
79,1993,1,0,8,18,3,5.050000190734863,1.049999952316284,18
41,1992,0,0,0,27,6,4.25,.8500000238418579,19.5
60,1992,0,0,10,20,5,4.25,.8600000143051147,25
264,1992,1,0,0,10,2,4.25,.9100000262260437,7
407,1993,0,0,1,14,3,4.25,2.529999971389771,9
315,1993,1,0,4.5,20,2,5.050000190734863,.8700000047683716,14.5
360,1992,1,0,3,25,2,4.25,.8899999856948853,17.5
170,1992,1,0,10,20,3,5,1.080000042915344,23
432,1992,0,0,20,55,5,4.5,.7900000214576721,52.5
499,1992,0,0,0,28,5,5,1.75,19
114,1993,1,0,20,40,4,5.25,.9399999976158142,42
247,1993,1,0,0,40,4,5.050000190734863,2.069999933242798,22
473,1993,0,0,26,15,2,4.5,.8600000143051147,33.5
325,1992,1,1,4,15,4,4.5,.7900000214576721,15.5
336,1992,1,0,28,12,4,4.5,.9300000071525574,38
478,1993,0,0,8,30,4,4.349999904632568,.9100000262260437,25
70,1992,1,0,35,20,5,4.5,1.019999980926514,50
201,1993,1,0,16,22,3,5.050000190734863,.949999988079071,28
240,1993,1,0,15,15,3,5.050000190734863,1.049999952316284,23.5
172,1993,1,0,7,23,3,5.050000190734863,1.049999952316284,19.5
249,1992,1,1,6,6,4,4.369999885559082,.949999988079071,13
169,1992,1,0,12,33,4,5,1.039999961853027,32.5
68,1993,1,0,13,17,3,5.050000190734863,.949999988079071,22.5
320,1993,1,1,4,6,3,5.050000190734863,2.430000066757202,8
93,1992,1,0,2.5,30,3,4.25,.9599999785423279,20.5
186,1992,1,0,10,20,4,4.75,.949999988079071,24
85,1993,1,1,0,35,3,5.050000190734863,1.049999952316284,18.5
111,1992,1,0,17,14,3,4.25,1.009999990463257,27
129,1993,1,0,7,18,4,5.050000190734863,.8899999856948853,18
422,1992,1,0,0,7,3,4.75,2.339999914169312,6.5
485,1993,0,0,4,12,3,4.5,2.319999933242798,11
132,1993,1,0,15,20,3,5.5,,26
487,1992,0,0,10,6,2,5,.949999988079071,15
35,1992,1,0,25,6.5,4,4.5,2.130000114440918,32.25
189,1993,1,0,0,19,3,5.050000190734863,1.049999952316284,10.5
409,1993,1,0,0,15,3,5.050000190734863,1.009999990463257,8.5
41,1993,0,0,0,42,6,4.25,.9100000262260437,25
144,1993,1,0,4,37,3,5.050000190734863,1.259999990463257,23.5
282,1993,1,0,0,0,0,,,-2
207,1993,1,0,8.5,6,2,5.199999809265137,2.319999933242798,11.5
81,1992,1,0,25,13,3,5,1.059999942779541,34.5
443,1993,0,0,5,20,4,4.349999904632568,1.809999942779541,17
490,1993,0,0,2,18,3,5,1.049999952316284,12
148,1992,1,0,4.5,30,4,5.25,.949999988079071,23.5
435,1992,0,0,1,37.5,3,4.25,.7900000214576721,22.75
497,1993,0,0,,,5,,.7900000214576721,
289,1993,1,0,3,10,2,5.050000190734863,2,8
414,1992,1,0,0,36,5,4.25,1.110000014305115,23
326,1992,1,1,18,45,5,5.150000095367432,,45.5
418,1993,1,0,0,35,4,5.050000190734863,.5899999737739563,19.5
141,1993,1,0,10,25,3,5.050000190734863,1.340000033378601,23.5
375,1993,1,0,0,25,4,5.5,1.009999990463257,14.5
18,1993,1,0,8,38,5,5.050000190734863,.6299999952316284,30
415,1992,1,0,8,32,5,4.25,.9800000190734863,29
88,1993,1,0,4,37,4,5.050000190734863,.9399999976158142,24.5
403,1993,1,0,11,23,3,5.050000190734863,1.049999952316284,23.5
265,1992,1,0,0,20,1,4.25,.9399999976158142,11
225,1992,1,0,3,27,3,4.75,.9100000262260437,19.5
153,1992,1,0,0,25,9,,.8899999856948853,21.5
122,1993,1,0,10,50,6,5.050000190734863,1.149999976158142,39
481,1993,0,0,15,4,3,5,2.529999971389771,18
495,1992,0,0,4,28,3,5,.9399999976158142,21
233,1992,1,0,19,7,3,4.650000095367432,.949999988079071,25.5
42,1992,0,0,17,4,5,4.5,.8600000143051147,24
286,1993,1,0,2,15,3,5.050000190734863,.9399999976158142,10.5
472,1992,0,0,37.5,2,3,4.25,.9100000262260437,41.5
295,1992,1,0,8,9,3,4.75,.949999988079071,15.5
393,1992,1,0,4,10,3,4.619999885559082,2.769999980926514,12
193,1992,1,1,1,13,3,4.5,.9900000095367432,10.5
351,1992,1,0,2,27.5,3,4.25,.949999988079071,18.75
103,1993,1,0,,,2,5.050000190734863,1.259999990463257,
253,1992,1,0,7,7,3,4.869999885559082,2.299999952316284,13.5
359,1992,1,0,0,22,4,4.25,.8199999928474426,15
372,1993,1,0,30,20,5,5.050000190734863,1.039999961853027,43
402,1993,1,0,17,5,2,5.050000190734863,1.049999952316284,19.5
158,1993,1,0,3,4,4,5.050000190734863,2.490000009536743,7
258,1992,1,0,4,22,3,4.25,.8999999761581421,18
370,1993,1,0,26,5,3,5.050000190734863,,29.5
79,1992,1,0,6,25,3,4.5,1.059999942779541,21.5
89,1993,1,0,6,25,6,5.5,1.049999952316284,22.5
190,1993,1,0,7,30,4,5.050000190734863,1.740000009536743,24
466,1993,0,0,14,12,3,,,21
262,1992,1,0,7,13,3,4.25,1.059999942779541,16.5
215,1993,1,0,20,10,3,5.050000190734863,.9300000071525574,26
108,1993,1,0,11,24,5,5.050000190734863,1.049999952316284,26
151,1993,1,0,0,0,0,,,-2
94,1993,1,0,2,20,4,5.050000190734863,2.529999971389771,14
495,1993,0,0,8,20,3,5,1.009999990463257,19
171,1992,1,1,2,32,3,4.25,1.039999961853027,21
191,1992,1,0,30,20,4,,1.059999942779541,44
174,1993,1,1,20,20,3,5.050000190734863,.9800000190734863,31
245,1993,1,0,8,12,4,5.050000190734863,1.049999952316284,16
335,1993,1,0,7,13,3,5.050000190734863,.9399999976158142,14.5
492,1993,0,0,4,15,2,4.5,1.049999952316284,11.5
161,1993,1,0,26,12,4,5.050000190734863,1.049999952316284,34
340,1993,1,0,15,17,2,5.050000190734863,.8399999737739563,23.5
130,1993,1,0,2,38,4,5.050000190734863,1.049999952316284,23
315,1992,1,0,5,19,2,,.8799999952316284,16.5
239,1993,1,0,0,19,2,5.050000190734863,2.319999933242798,9.5
242,1993,1,0,12,10,3,5.050000190734863,1.049999952316284,18
156,1993,1,0,2,18,2,5.050000190734863,1.009999990463257,11
75,1992,1,0,3,15,3,4.25,2.769999980926514,13.5
97,1993,1,0,2.5,11,3,5.050000190734863,2.539999961853027,9
70,1993,1,0,10,30,5,5.050000190734863,1.009999990463257,28
311,1992,1,0,0,30,4,,1.059999942779541,19
441,1993,0,0,0,30,3,4.25,1.809999942779541,16
483,1993,0,0,4,13,3,4.75,2.329999923706055,11.5
341,1992,1,0,2,7,2,4.619999885559082,2.339999914169312,7.5
426,1993,1,0,5,25,3,5.050000190734863,1.049999952316284,18.5
326,1993,1,1,0,45,4,5.050000190734863,1.049999952316284,24.5
11,1993,1,0,12,24,3,5.050000190734863,.9399999976158142,25
62,1992,0,0,0,31,5,5,.949999988079071,20.5
451,1992,0,0,10,17,5,5,.9599999785423279,23.5
366,1993,1,0,1,19,4,5.050000190734863,.6299999952316284,12.5
448,1992,0,0,8,18,4,4.75,.9100000262260437,21
346,1993,1,0,3,12,3,,,10
168,1992,1,0,5,20,4,4.25,.949999988079071,19
218,1993,1,0,5,3,3,5.050000190734863,2.190000057220459,7.5
255,1992,1,0,0,14,3,,.8500000238418579,10
150,1992,1,0,0,27.5,3.5,4.670000076293945,.8899999856948853,17.25
134,1993,1,0,6,27.5,3,5.050000190734863,.9399999976158142,20.75
476,1993,0,0,5,30,3,4.75,1.179999947547913,21
56,1992,0,0,20,20,4,5,1.789999961853027,34
455,1992,0,0,2,8,5,5.25,2.319999933242798,11
19,1992,1,0,4,31,4,4.25,.9300000071525574,23.5
96,1993,1,0,0,15,5,5.050000190734863,2.589999914169312,10.5
181,1992,1,0,0,13,3,,2.339999914169312,9.5
26,1993,1,0,10,20,4,5.050000190734863,.9399999976158142,22
475,1993,0,0,10,16,3,4.5,.8999999761581421,19
173,1992,1,0,6,40,10,4.849999904632568,.9800000190734863,36
27,1992,1,0,4,10,4,5,2.339999914169312,13
173,1993,1,0,11,30,5,5.050000190734863,1.039999961853027,29
116,1993,1,0,22,12,3,5.050000190734863,1.210000038146973,29
95,1992,1,0,18,3,4,4.25,2.559999942779541,23.5
71,1992,1,0,0,35,3,4.75,.949999988079071,20.5
211,1992,1,0,3,28,4,4.5,.949999988079071,21
93,1993,1,0,5,25,5,5.050000190734863,1.049999952316284,20.5
232,1993,1,0,18,10,4,5.050000190734863,.949999988079071,25
357,1993,1,0,21,6,3,5.25,2.349999904632568,25
213,1993,1,0,12,17.5,4,5.050000190734863,.9399999976158142,22.75
371,1992,1,0,12,23,4,5,.949999988079071,27.5
284,1992,1,0,5,23,4,4.5,.9100000262260437,20.5
174,1992,1,1,11,20,4,4.75,.9800000190734863,25
503,1993,0,0,35,6.5,3,4.5,1,39.25
152,1992,1,0,35,15,4,5.119999885559082,1.019999980926514,46.5
50,1992,0,0,6,10,3,4.5,3.5,14
13,1992,1,0,0,25,3,4.5,2.660000085830688,15.5
257,1993,1,1,,,,,,
304,1992,1,0,10,20,3,4.5,2.240000009536743,23
469,1993,0,0,7,39,4,4.5,.8700000047683716,28.5
514,1992,0,0,5,20,3,4.5,.9399999976158142,18
378,1993,1,0,20,15,4,5.050000190734863,1.029999971389771,29.5
273,1992,1,0,2,14,4,4.619999885559082,2.339999914169312,13
38,1993,1,0,10,20,6,5.050000190734863,.7599999904632568,24
157,1992,1,0,10,5,3,5,2.339999914169312,15.5
140,1993,1,0,5,35,5,5.670000076293945,1.049999952316284,25.5
31,1992,1,0,4,16,3,5.25,2.559999942779541,15
47,1992,0,0,25,15,,4.5,.8600000143051147,
84,1993,1,0,12,30,5,5.050000190734863,.9399999976158142,30
272,1993,1,0,2,14,3,5.25,2.319999933242798,10
292,1992,1,1,10,15,3,4.800000190734863,.949999988079071,20.5
243,1992,1,0,7,25,3,4.5,.7400000095367432,22.5
64,1992,1,0,20,15,3,4.5,.949999988079071,30.5
162,1993,1,0,3,30,3,5.050000190734863,1.049999952316284,19
28,1992,1,0,0,14,1,4.5,2.559999942779541,8
133,1992,1,0,6,16,2,4.75,1.059999942779541,16
222,1992,1,0,2,24,3,4.25,1.059999942779541,17
73,1992,1,0,0,7,3,4.25,2.450000047683716,6.5
232,1992,1,0,18,6,3,4.75,.949999988079071,24
56,1993,0,0,0,36,2,5.25,.8700000047683716,18
92,1993,1,1,14,6,3,5.050000190734863,1.049999952316284,18
466,1992,0,0,8,17.5,4,4.75,.9399999976158142,20.75
471,1992,0,0,25,20,4,4.25,.9100000262260437,39
273,1993,1,0,2,11,3,5.050000190734863,2.319999933242798,8.5
449,1992,0,0,0,25,3,4.869999885559082,,15.5
322,1993,1,1,12,5,4,5.050000190734863,.9399999976158142,16.5
171,1993,1,1,10,12.5,5,5.050000190734863,1.029999971389771,19.25
260,1992,1,0,10,20,4,4.25,.8799999952316284,24
236,1992,1,0,0,34,4,,1.059999942779541,21
46,1992,0,0,30,15,3,,.5199999809265137,40.5
432,1993,0,0,25,10,4,5.050000190734863,.7900000214576721,32
16,1992,1,0,6,22,4,4.5,,21
274,1993,1,0,3,7,3,5.050000190734863,2.319999933242798,7.5
258,1993,1,0,20,18,3,5.050000190734863,.8399999737739563,30
185,1993,1,1,2,6,3,5.050000190734863,2.75,6
204,1992,1,0,10,8.5,4,4.25,1.059999942779541,18.25
31,1993,1,0,6,15,5,5.050000190734863,2.640000104904175,16.5
288,1992,1,0,0,20,3,4.75,.949999988079071,13
85,1992,1,1,7,20,3,5.5,1.019999980926514,20
481,1992,0,0,5,17.5,3,5.25,2.529999971389771,16.75
468,1993,0,0,9,32,4,5,.8600000143051147,27
77,1993,1,0,4,60,3,5.050000190734863,1.049999952316284,35
143,1993,1,0,,,,,,
267,1993,1,0,30,25,5,5.050000190734863,.9100000262260437,45.5
250,1993,1,1,2,4,3,5.050000190734863,2.519999980926514,5
210,1993,1,0,0,14,3,5.050000190734863,,8
406,1992,1,0,12,35,4,5,2.140000104904175,33.5
254,1993,1,1,28,10,3,5.25,1.049999952316284,34
257,1992,1,1,20,10,3,4.25,.9100000262260437,28
22,1993,1,0,3,15,2,5.050000190734863,.9399999976158142,10.5
190,1992,1,0,5,42,4,5,1.059999942779541,30
244,1992,1,0,12,30,3,4.25,1.019999980926514,30
164,1993,1,0,5,15,3,5.050000190734863,1.049999952316284,13.5
216,1993,1,0,2,18,3,5.050000190734863,2.75,12
478,1992,0,0,32,25,4,4.5,.9100000262260437,48.5
132,1992,1,0,20,20,5,4.5,2.299999952316284,35
440,1992,0,0,0,25,3,4.25,2.009999990463257,15.5
276,1992,1,0,5,10,3,5,2.190000057220459,13
305,1993,1,0,5,22,4,5.050000190734863,1.049999952316284,18
225,1993,1,0,12,25,4,5.050000190734863,.9399999976158142,26.5
203,1993,1,0,4,34,3,5.050000190734863,.949999988079071,22
236,1993,1,0,23,22,4,5.050000190734863,.9900000095367432,36
36,1992,1,0,8,12,4,5.5,2.569999933242798,18
393,1993,1,0,18,4,3,5.25,2.75,21
349,1993,1,0,0,20,4,5.050000190734863,.9399999976158142,12
221,1992,1,0,1,28,3,4.599999904632568,2.559999942779541,18
339,1992,1,0,18,6,2,4.25,.949999988079071,23
330,1993,1,1,3,20,3,5.670000076293945,1.259999990463257,14
291,1993,1,0,5,16,3,5.099999904632568,.9399999976158142,14
325,1993,1,1,1,15,3,5.050000190734863,1.009999990463257,9.5
102,1992,1,0,12,13,3,4.400000095367432,1.070000052452087,21.5
445,1992,0,0,50,35,3,5,.9399999976158142,70.5
260,1993,1,0,4,26,5,5.050000190734863,.9300000071525574,20
472,1993,0,0,8,25,3,4.900000095367432,.9100000262260437,21.5
485,1992,0,0,1,9,3,4.5,2.329999923706055,8.5
413,1993,1,0,0,20,3,5.050000190734863,1.049999952316284,11
134,1992,1,0,5.5,25,3,4.619999885559082,.949999988079071,21
296,1993,1,0,4,9,6,5.050000190734863,1,12.5
165,1992,1,0,20,10,3,5,1.059999942779541,28
185,1992,1,1,2,9,3,4.5,2.660000085830688,9.5
73,1993,1,0,14,0,3,5.050000190734863,2.430000066757202,15
240,1992,1,0,15,35,3,5.099999904632568,1.059999942779541,35.5
391,1993,1,0,12,7,2,5.050000190734863,2.640000104904175,15.5
359,1993,1,0,0,26,4,5.050000190734863,.8199999928474426,15
125,1993,1,0,0,15,2,5.050000190734863,2.490000009536743,7.5
229,1992,1,0,3,40,3,4.5,1.059999942779541,26
410,1992,1,0,0,35,3,4.25,1.019999980926514,20.5
423,1993,1,0,19,3.5,3,5.25,2.319999933242798,21.75
222,1993,1,0,2,15,3,5.050000190734863,.8899999856948853,10.5
99,1992,1,1,60,40,5,4.75,2.299999952316284,85
398,1992,1,0,14,13,4,4.75,1.059999942779541,24.5
243,1993,1,0,7,22,3,5.050000190734863,1.049999952316284,19
352,1992,1,0,0,19,4,4.75,.9900000095367432,13.5
312,1992,1,1,4,6,3,4.25,.9300000071525574,10
272,1992,1,0,4,11,3,5.050000190734863,2.339999914169312,12.5
265,1993,1,0,0,0,0,,,-2
241,1993,1,0,15,,4,5.050000190734863,1.049999952316284,
