district_code,year,bus_replace,attendance,gifted,white,college,advtgd,fleet_size,pupils_trans,enrollment
261333,2012,11.75088119506836,92.57732391357422,0,31,6,25,3,63.5,97
461382,2010,0,93.43199920654297,17,87,22,36,2,31,125
461382,2011,2.060722589492798,91.42857360839844,14,71,21,28,1,62,126
461382,2012,3.942310810089111,94.70634460449219,13,62,19,25,1,44.5,126
461408,2012,3.942310810089111,93.39887237548828,18,202,37,134,4,70,534
461424,2010,0,92.08743286132813,776,6081,1976,5670,10,694,12364
461424,2009,0,95.42997741699219,713,6327,1894,5514,11,729,12931
461432,2009,0,93.8031005859375,80,653,242,532,4,363,1097
461440,2009,0,95.14814758300781,0,13,7,0,4,17.7,27
461440,2010,0,68.77777862548828,0,9,4,0,1,14.8,27
461440,2011,2.060722589492798,34.2400016784668,1,6,2,0,1,16.9,50
461457,2010,0,86.26356506347656,0,62,15,9,5,257.4,129
461457,2009,0,91.54135894775391,0,80,10,17,5,129.4,133
461457,2011,2.060722589492798,92.43965911865234,0,71,11,14,3,158.5,116
461457,2012,3.942310810089111,81.32089233398438,0,73,11,30,4,77.90000000000001,134
461499,2010,0,100.1870269775391,35,108,71,108,1,83.59999999999999,262
461499,2011,2.060722589492798,95.36206817626953,61,106,80,111,1,70.2,290
461499,2012,3.942310810089111,98.37828826904297,64,115,84,124,1,86.3,304
461507,2010,0,91.57680511474609,53,1051,217,519,13,560,2682
461507,2009,0,93.98521423339844,57,1257,205,598,13,656,2773
461507,2011,2.060722589492798,93.36188507080078,58,978,207,479,13,565,2650
461507,2012,3.942310810089111,95.86666107177734,65,987,216,444,13,560,2655
461515,2010,0,87.90950012207031,103,923,230,633,13,337,2862
461515,2012,3.942310810089111,91.20925903320313,30,870,221,688,13,340,2614
461523,2010,0,90.15242767333984,67,361,77,187,5,627.6,1358
461531,2010,0,81.94820404052734,184,2672,558,1491,19,1473,4383
461531,2011,2.060722589492798,80.21327972412109,144,2485,548,1314,19,1402,4173
461531,2012,3.942310810089111,79.78194427490234,117,2432,533,1330,16,1402,4343
461549,2009,0,92.62783050537109,53,491,87,161,5,433,1416
461549,2010,0,94.54438781738281,52,440,80,146,7,450,1363
461549,2012,3.942310810089111,75.53604125976563,13,430,77,125,6,330,1304
475507,2010,0,89.82476043701172,1,605,75,538,7,553,2157
475507,2009,0,94.84018707275391,14,622,56,1299,7,509,2115
475507,2012,3.942310810089111,96.81901550292969,1,528,119,399,7,520,2072
561556,2011,0,90.41677093505859,90,447,132,379,7,259.7,823
561556,2009,0,91.62920379638672,121,509,126,442,6,238.3,863
561556,2010,0,91.86170196533203,106,484,135,385,5,254.1,846
561556,2012,7.239819049835205,94.9974365234375,54,419,137,341,7,244.7,781
561564,2009,0,92.04660034179688,185,2154,376,1723,18,1590,3648
561564,2011,0,93.90637969970703,182,2033,337,1532,18,2181,3386
561564,2012,7.239819049835205,96.93759155273438,175,1955,346,1393,18,1218,3301
561572,2010,0,94.35106658935547,34,454,105,261,5,268,752
561572,2009,0,97.05689239501953,44,469,109,292,6,292,791
561572,2011,0,94.93470001220703,25,440,109,270,5,270,781
561572,2012,7.239819049835205,97.08184051513672,13,424,117,265,5,280,782
561580,2009,0,92.84528350830078,82,523,167,393,6,580,795
561580,2011,0,98.62141418457031,52,454,142,319,6,416,663
561580,2012,7.239819049835205,96.822998046875,31,418,133,281,8,420,661
661598,2010,0,92.93962097167969,58,345,95,354,2,105,1358
661598,2011,0,96.46221160888672,31,329,107,321,3,88,1363
661598,2009,0,94.14562225341797,0,354,80,370,2,83,1394
661598,2012,4.329004287719727,96.90419006347656,22,315,123,324,3,78,1409
661606,2011,0,95.72280120849609,39,122,26,102,2,47,386
661606,2009,0,95.620849609375,48,173,28,168,2,55,422
661606,2012,4.329004287719727,96.5877685546875,42,116,31,107,2,43,376
661622,2009,0,92.41133117675781,47,121,33,146,5,108.9,1218
661622,2011,0,95.50823211669922,0,99,36,148,5,151,1275
861820,2009,0,85.29899597167969,424,1583,244,1138,27,839.3,3893
861820,2011,2.667970895767212,88.22793579101563,388,1448,242,992,23,833.1,3716
861820,2012,6.694080352783203,89.48477935791016,370,1362,234,862,30,717.1,3713
961945,2010,0,92.64089965820313,0,271,59,194,4,201,401
961945,2009,0,91.91802978515625,0,282,64,218,4,206,427
961945,2011,2.060722589492798,93.98731231689453,0,244,57,163,4,204,394
961945,2012,3.942310810089111,96.71597290039063,0,212,46,134,4,184,338
1162646,2010,0,93.10762023925781,0,65,15,53,3,99,223
1162646,2011,0,91.64069366455078,0,64,14,53,3,108,231
1162646,2012,4.329004287719727,97.74879455566406,0,49,11,33,3,104,207
1262679,2009,0,56.16594696044922,58,527,189,330,4,184.2,922
1262679,2011,2.667970895767212,53.98221969604492,53,487,174,313,4,152,956
1262687,2009,0,83.99769592285156,23,881,68,984,7,391,1734
1262687,2011,2.667970895767212,86.89783477783203,11,726,172,933,9,371,1615
1262687,2012,6.694080352783203,82.98304748535156,13,774,297,882,9,420,1711
1262695,2010,0,93.07407379150391,2,39,2,9,2,36,54
1262695,2011,2.667970895767212,107.3255767822266,5,33,7,11,2,37,43
1262703,2011,2.667970895767212,90.77777862548828,16,87,37,52,1,31.3,162
1262703,2012,6.694080352783203,99.23529052734375,15,8,32,56,1,33.1,136
1262729,2011,2.667970895767212,92.38889312744141,9,20,2,0,2,30.4,36
1262729,2012,6.694080352783203,96.27499389648438,8,20,1,0,2,35.1,40
1262737,2010,0,97.29059600830078,7,78,9,44,1,51,117
1262737,2009,0,102.5163879394531,10,91,6,53,1,68,122
1262745,2009,0,94.07790374755859,37,271,60,238,3,130,552
1262745,2011,2.667970895767212,95.51158905029297,37,231,79,222,3,126.3,561
1262745,2012,6.694080352783203,97.50180053710938,39,235,90,214,3,130,556
1262810,2009,0,90.13276672363281,0,590,165,727,9,328,1175
1262810,2010,0,91.88859558105469,0,557,83,665,9,353,1131
1262810,2011,2.667970895767212,96.68247985839844,0,590,114,696,6,355,1096
1262810,2012,6.694080352783203,95.50173950195313,0,570,134,626,6,310,1150
1262828,2010,0,94.625,24,205,58,168,3,64.5,320
1262828,2009,0,96.44984436035156,27,218,55,178,3,65,329
1262828,2012,6.694080352783203,82.89877319335938,1,202,60,178,3,80.5,326
1262851,2009,0,84.41175842285156,2,6,0,5,1,14.8,17
1262851,2011,2.667970895767212,96.28571319580078,3,7,1,4,1,7.3,7
1262851,2012,6.694080352783203,84.55555725097656,0,3,1,2,1,8.9,9
1262885,2010,0,95.26451873779297,28,96,31,67,1,40,155
1262885,2009,0,95.90131378173828,19,111,32,73,1,65,152
1262885,2011,2.667970895767212,99.75483703613281,25,92,31,73,1,34,155
1262893,2010,0,97.21697998046875,35,220,43,278,2,45,424
1262893,2011,2.667970895767212,97.89749908447266,28,233,61,288,2,48.2,439
1262901,2009,0,87.93453216552734,63,96,86,198,19,631,1054
1262901,2010,0,90.19351959228516,2,89,74,464,19,566,1018
1262901,2012,6.694080352783203,91.1495361328125,0,72,74,73,19,624,1070
1262919,2010,0,86.05128479003906,1,21,15,14,2,29,39
1262919,2009,0,104.2799987792969,2,22,10,15,2,29,25
1262919,2011,2.667970895767212,95.17646789550781,1,15,7,13,2,18,34
1262919,2012,6.694080352783203,103.4000091552734,0,20,17,14,1,22.7,30
1262927,2010,0,34.49006652832031,0,131,19,80,1,22.4,302
1262935,2010,0,75.36363220214844,4,4,2,2,1,4.2,11
1262935,2011,2.667970895767212,92.29999542236328,3,8,5,2,1,5.1,10
1262935,2012,6.694080352783203,101.3571395874023,2,7,3,0,1,10.3,14
1262950,2012,6.694080352783203,96.90467834472656,81,517,162,410,5,519,1133
1262968,2010,0,92.95000457763672,3,13,0,4,1,5,20
1262968,2011,2.667970895767212,76.16666412353516,4,9,0,2,1,9,24
1262968,2012,6.694080352783203,94.35293579101563,4,6,0,2,0,0,17
1262976,2009,0,86.71809387207031,13,287,90,234,3,112,525
1262976,2010,0,85.73863220214844,53,267,101,201,3,109,528
1262984,2009,0,91.36363983154297,2,13,0,4,1,9,22
1262984,2011,2.667970895767212,95.87179565429688,0,21,1,4,1,15.2,39
1263016,2009,0,94.65333557128906,42,405,88,290,2,236,675
1263016,2010,0,96.03592681884766,7,380,104,277,2,233,668
1263024,2009,0,97.15422821044922,0,110,34,51,1,35,201
1263024,2011,2.667970895767212,94.73755645751953,11,121,29,65,1,18,221
1263032,2009,0,61.16013336181641,0,311,60,173,3,69,612
1263032,2010,0,58.92472839355469,11,311,73,161,1,45,651
1263032,2011,2.667970895767212,60.36420440673828,14,312,80,157,2,27.9,637
1263040,2010,0,90.937744140625,49,431,57,265,21,690,771
1263040,2009,0,90.73815155029297,56,431,69,272,22,690,802
1263040,2011,2.667970895767212,91.16055297851563,45,440,75,248,21,659,791
1263040,2012,6.694080352783203,94.76486206054688,30,421,76,251,21,667,757
1263057,2010,0,92.57692718505859,12,85,37,46,2,12,156
1263057,2011,2.667970895767212,92.94594573974609,15,108,45,48,1,16,185
1263057,2012,6.694080352783203,100.1525421142578,20,96,40,45,1,15,177
1275374,2010,0,92.62948608398438,33,290,84,271,2,81,502
1275374,2012,6.694080352783203,97.67355346679688,35,281,81,252,2,108,484
1275382,2010,0,2.905274391174316,6,491,168,606,1,11,929
1275382,2012,6.694080352783203,10.21132564544678,0,404,123,453,1,16,724
1275515,2010,0,90.38626098632813,309,1560,527,1130,10,542,3961
1275515,2009,0,92.01566314697266,323,1827,579,1213,12,690,4149
1275515,2011,2.667970895767212,95.26210021972656,250,1488,483,1082,10,589,3884
1363073,2011,0,92.77845764160156,254,171,309,646,12,588.6,3778
1363073,2009,0,95.0396728515625,251,214,333,728,12,370,3680
1363073,2010,0,96.20664215087891,217,168,321,723,12,613.9,3794
1363081,2010,0,89.14286041259766,247,153,178,489,6,120,1932
1363081,2011,0,91.28852844238281,325,149,149,475,3,120,1875
1363081,2009,0,92.41239929199219,266,166,165,487,4,159,1952
1363099,2011,0,91.38311767578125,205,29,1082,1691,12,272,9287
1363099,2009,0,94.96585845947266,124,40,966,8,15,155,9255
1363099,2012,3.345880508422852,96.83799743652344,224,31,1044,2,14,1200,9216
1363107,2011,0,95.91545104980469,55,79,63,148,6,216,1171
1363115,2011,0,93.46869659423828,236,177,390,984,15,437.5,4009
1363115,2010,0,93.67966461181641,46,190,360,1425,17,591,4102
1363115,2012,3.345880508422852,96.24777984619141,96,156,403,929,13,446,4056
1363123,2010,0,92.70433807373047,417,216,375,944,8,220,5584
1363123,2009,0,96.23582458496094,424,206,346,1187,8,288,5644
1363123,2011,0,89.88572692871094,201,216,328,896,8,386,5828
1363131,2010,0,94.09445953369141,15,2,53,92,4,230,1101
1363131,2011,0,95.97150421142578,0,3,49,65,4,202,1158
1363149,2010,0,93.30783081054688,84,161,187,270,7,244,1712
1363149,2009,0,96.32921600341797,82,216,189,0,7,240,1701
1363149,2012,3.345880508422852,99.38722229003906,82,134,5,9,7,250,1596
1363164,2010,0,93.76305389404297,351,550,421,1620,12,941,3600
1363164,2011,0,97.90178680419922,371,532,447,1611,12,901,3635
1363172,2011,0,97.68992614746094,0,68,45,82,1,16,129
1363172,2009,0,97.74576568603516,0,59,31,73,1,16,118
1363172,2012,3.345880508422852,98.81679534912109,0,63,38,82,1,18,131
1363180,2011,0,95.00654602050781,0,160,258,653,10,521,1222
1363180,2010,0,96.21034240722656,71,162,234,661,10,538,1160
1363180,2012,3.345880508422852,98.79466247558594,2,157,258,646,10,429.1,1237
1363198,2009,0,98.32712554931641,2,25,23,112,5,248,483
1363198,2011,0,96.09591674804688,3,22,37,37,5,282.2,490
1363198,2012,3.345880508422852,98.68618774414063,1,28,40,0,5,260.7,478
1363206,2011,0,96.25301361083984,0,24,20,33,1,57,83
1363206,2010,0,95.57777404785156,0,25,16,37,1,42.8,90
1363214,2010,0,90.25702667236328,27,31,12,0,8,434.5,747
1363214,2011,0,94.5731201171875,9,16,6,431,7,430,759
1363230,2009,0,94.85713958740234,36,21,17,0,2,22,364
1363230,2011,0,95.73262023925781,31,18,23,17,3,16,374
1363230,2010,0,96.65364837646484,31,25,20,6,3,15,384
1363230,2012,3.345880508422852,94.82337188720703,36,18,24,1,3,15,385
1463248,2011,7.886435508728027,91.37297058105469,3,53,21,28,2,40.6,185
1463248,2012,11.75088119506836,92.87310028076172,2,44,14,33,2,40.3,197
1463263,2009,0,89.80223846435547,101,275,70,348,5,168.2,713
1463271,2009,0,86.54545593261719,0,45,8,16,5,67,77
1463271,2012,11.75088119506836,89.77777862548828,0,28,5,14,3,59,63
1463289,2009,0,92.22474670410156,49,106,28,97,6,129,396
1463289,2011,7.886435508728027,93.15499877929688,34,81,29,94,6,129,400
1463305,2009,0,94.5213623046875,0,75,9,69,2,72.7,117
1463305,2010,3.8955979347229,91.35114288330078,1,65,16,68,2,82.59999999999999,131
1764014,2011,0,92.41070556640625,0,675,167,300,6,525,1719
1764014,2010,0,92.76174163818359,0,700,158,396,6,724,1746
1764014,2009,0,94.43778228759766,0,762,175,413,8,854,1752
1764022,2011,0,89.07184600830078,72,1182,80,306,18,772,3090
1764022,2009,0,91.11164855957031,78,1368,69,404,15,1359.1,3108
1764022,2010,0,92.52500915527344,80,1228,81,354,19,1375,3099
1764030,2009,0,95.53030395507813,72,811,182,566,9,508,1650
1764055,2009,0,87.54254913330078,103,958,284,845,8,422,1845
1764055,2010,0,88.09271240234375,75,894,277,771,7,377,1715
1764055,2012,10.88731670379639,93.65114593505859,0,916,311,720,6,424,1697
1764063,2009,0,90.01092529296875,50,221,16,76,4,192,549
1764063,2012,10.88731670379639,94.39579772949219,0,199,10,44,3,179,523
1764071,2011,0,82.20899963378906,0,157,27,77,3,122.7,378
1764071,2010,0,82.45734405517578,0,171,30,72,4,160,422
1764071,2012,10.88731670379639,85.42975616455078,0,149,16,59,3,117.2,363
1864089,2009,0,96.42152404785156,6,144,29,79,5,138,223
1864089,2010,0,97.88340759277344,0,124,27,62,5,85,223
1864105,2011,0,93.41481018066406,11,251,60,221,2,161,405
1864113,2009,0,97.84332275390625,15,131,3,109,2,67,217
1864113,2010,0,96.13656616210938,14,139,6,95,1,70,227
1864139,2012,4.940711498260498,87.27846527099609,107,534,88,519,5,187,966
1864162,2010,0,1.592232942581177,0,121,34,58,3,13,206
1864162,2011,0,2.566666603088379,0,179,42,98,3,14,300
1864162,2012,4.940711498260498,4.74117636680603,1,179,66,119,3,10,340
1864196,2010,0,87.97472381591797,26,551,94,384,3,266,1187
1864196,2009,0,93.82247161865234,39,623,128,461,7,408,1228
1864196,2012,4.940711498260498,96.07722473144531,13,434,90,366,3,302,1023
1864204,2011,0,31.38449478149414,8,262,27,189,1,21,645
1864204,2010,0,35.26422882080078,0,434,56,373,1,229,738
1875036,2010,0,93.9595947265625,0,276,39,203,2,199,198
1875036,2009,0,49.93147277832031,6,233,43,206,2,96,394
1875036,2012,4.940711498260498,58.94670867919922,0,200,22,96,1,120,319
2365540,2010,0,91.24111938476563,0,5,28,34,2,185,535
2365540,2011,0,93.38148498535156,0,92,25,74,2,177.6,540
2365540,2012,5.659309387207031,97.41635894775391,0,96,27,71,2.5,168,550
2365565,2010,0,90.43106842041016,79,692,105,436,8,522,1886
2365565,2011,0,92.90889739990234,78,693,129,482,8,498.5,1888
2365573,2009,0,91.59701538085938,0,34,8,27,1,44,67
2365573,2011,0,89.36363220214844,0,20,6,17,1,32,55
2365573,2012,5.659309387207031,89.94444274902344,0,9,1,12,1,27,54
2365581,2010,0,90.47148132324219,27,315,78,265,10,230,526
2365581,2011,0,91.53142547607422,15,321,80,254,8,215,525
2365581,2012,5.659309387207031,94.44190216064453,9,325,93,268,8,209.3,525
2365607,2009,0,73.46997833251953,2,47,8,1,3,308,383
2365607,2010,0,66.88665008544922,0,42,4,40,3,308,397
2365607,2012,5.659309387207031,75.49385833740234,0,41,5,11,3,216,407
2365615,2011,0,82.42005920410156,296,2037,508,1479,14,2200,6211
2365615,2010,0,84.80494689941406,329,2109,526,1502,17,1534,6229
2365615,2012,5.659309387207031,86.40978240966797,269,1913,508,1365,14,2250,6235
2365623,2009,0,83.92588806152344,130,945,173,476,6,529,1943
2373866,2010,0,92.45237731933594,0,124,18,72,2,191,252
2373866,2011,0,96.59841918945313,0,122,25,70,2,168,254
2373866,2012,5.659309387207031,95.52307891845703,0,111,16,57,2,169,260
2373916,2011,0,89.24137878417969,17,193,35,102,3,131,406
2373916,2009,0,91.86528015136719,11,207,28,109,3,149,386
2373916,2010,0,90.51980590820313,16,184,31,101,3,150,404
2373916,2012,5.659309387207031,95.20750427246094,16,175,37,91,3,136,400
2375218,2011,0,89.98197937011719,0,58,7,38,4,90,111
2375218,2010,0,92.65833282470703,0,75,6,48,4,94,120
2565896,2011,0,91.40457916259766,0,63,13,35,2,51,131
2565896,2010,0,93.40972137451172,0,63,8,36,2,55.1,144
2573585,2010,0,89.33956146240234,16,464,113,312,7,226,910
2573585,2011,0,91.47380828857422,16,443,106,297,6,211,859
2573585,2012,10.28806591033936,97.40892791748047,11,465,114,322,5,175,829
2573593,2009,0,91.38130950927734,0,169,41,80,3,227,535
2573593,2010,0,89.95948791503906,0,151,34,76,3,237,543
2573593,2011,1.661681652069092,89.41187286376953,0,139,37,74,3,237,539
2573593,2012,5.272407531738281,92.00576782226563,0,121,34,76,3,155,520
2673668,2009,0,87.38367462158203,0,204,58,156,8,415,490
2673668,2010,3.8955979347229,89.52548980712891,0,147,68,161,8,415,510
2673668,2012,11.75088119506836,96.47252655029297,0,155,60,148,7,200,455
2673692,2010,3.8955979347229,90.75,29,338,163,349,2,260,1124
2673692,2011,7.886435508728027,93.29849243164063,24,346,172,333,2,350,1129
2966332,2009,0,78.04116821289063,41,1098,265,688,16,491,1676
2966332,2010,3.628183603286743,77.24414825439453,40,1024,261,629,12,195,1708
2966332,2011,3.700688123703003,76.85500335693359,18,985,252,606,11,397,1669
2966332,2012,11.24769020080566,96.80856323242188,13,920,257,544,11,397,1285
2966340,2009,0,89.46806335449219,120,884,273,779,7,324,1237
2966340,2010,3.628183603286743,89.69636535644531,0,799,263,680,6,376,1156
2966340,2011,3.700688123703003,90.01756286621094,0,715,238,562,6,222,1025
2966340,2012,11.24769020080566,91.38556671142578,0,673,236,543,6,201,970
2966357,2010,3.628183603286743,92.37198638916016,227,2224,758,2078,17,933,3734
2966357,2011,3.700688123703003,92.91091918945313,132,2158,683,1918,17,694,3592
2966373,2010,3.628183603286743,93.92030334472656,72,1129,331,987,11,632,1581
2966373,2012,11.24769020080566,99.04826354980469,81,985,285,820,14,635,1471
2966381,2009,0,94.36775207519531,43,404,135,341,3,126,552
2966381,2010,3.628183603286743,93.53407287597656,29,397,141,303,2,119,543
2966381,2011,3.700688123703003,95.19065856933594,14,365,141,267,2,123,514
2966399,2009,0,71.76588439941406,28,184,42,139,2,82,299
2966399,2011,3.700688123703003,72.81640625,13,170,36,102,2,55,256
2966399,2012,11.24769020080566,76.31153869628906,0,157,38,67,2,36,260
2966407,2009,0,86.90814971923828,24,535,113,516,2,140,773
2966407,2010,3.628183603286743,86.61642456054688,43,502,103,399,95,47.5,743
2966407,2012,11.24769020080566,89.92396545410156,0,463,129,377,1,60,697
2966415,2009,0,89.06185150146484,0,61,10,1,1,58,97
2966415,2012,11.24769020080566,95.83494567871094,0,41,5,5,1,80,103
3166944,2009,0,91.00631713867188,269,1972,742,1952,23,2200,4114
3166944,2010,3.628183603286743,92.66092681884766,245,1755,750,1681,26,2988,3949
3166944,2011,3.700688123703003,92.88426971435547,247,1703,760,1610,21,2980,3845
3166944,2012,11.24769020080566,92.59822845458984,237,1668,742,1609,20,2974,3838
4569856,2009,0,76.83918762207031,259,1183,272,719,11,530,2164
4569872,2010,.7626601457595825,95.11380004882813,44,251,70,154,4,124,413
4569872,2012,8.107169151306152,97.28248596191406,14,204,45,148,3,128,354
4569880,2009,0,89.03921508789063,0,133,10,61,3,150,255
4569880,2010,.7626601457595825,95.48868560791016,13,6,18,52,3,142,221
4569914,2009,0,89.69332122802734,70,698,107,245,7,710,1526
4569914,2010,.7626601457595825,93.75105285644531,96,657,94,164,6,698,1426
4569914,2012,8.107169151306152,111.1114730834961,94,603,91,147,7,561,1202
4569922,2009,0,89.50666809082031,12,45,5,0,2,55,75
4569922,2012,8.107169151306152,95.92646789550781,0,41,0,11,2,51,68
4569948,2009,0,93.10850524902344,75,662,192,528,5,459,1023
4569948,2010,.7626601457595825,94.52400207519531,57,577,176,438,5,440,1000
4569948,2011,3.423224687576294,97.89796447753906,34,589,176,466,4,389,931
4569955,2009,0,91.45074462890625,0,654,57,400,8,720,1147
4569955,2010,.7626601457595825,93.24855041503906,0,588,98,330,9,621,1038
4569955,2011,3.423224687576294,90.33824157714844,0,630,114,363,9,663,1088
4569971,2010,.7626601457595825,95.07676696777344,0,1580,321,809,7,940,3426
4569971,2011,3.423224687576294,96.73699188232422,203,1620,355,879,6,827,3517
4569989,2010,.7626601457595825,90.25465393066406,53,523,111,330,8,369,1182
4569997,2010,.7626601457595825,96.89473724365234,0,11,2,4,1,11,19
4570003,2010,.7626601457595825,97.033447265625,67,362,140,385,2,144,598
4570003,2012,8.107169151306152,99.30435180664063,103,376,140,404,2,143,598
4570011,2009,0,91.64674377441406,30,325,45,160,5,278,569
4570011,2010,.7626601457595825,94.58413696289063,38,279,41,131,5,273.4,517
4570011,2011,3.423224687576294,95.72188568115234,26,254,47,86,5,245,489
4570011,2012,8.107169151306152,97.13043975830078,19,267,63,77,5,248,506
4570029,2009,0,95,4,57,8,31,2,49.9,89
4570029,2010,.7626601457595825,89.76343536376953,1,40,4,16,2,49.9,93
4570029,2011,3.423224687576294,98.88888549804688,0,37,5,19,2,26,81
4570037,2009,0,98.35713958740234,0,10,0,2,1,13,14
4570037,2010,.7626601457595825,101.466667175293,0,7,1,1,1,13,15
4570037,2011,3.423224687576294,68.56521606445313,0,5,0,1,1,10,23
4570037,2012,8.107169151306152,98.21428680419922,0,6,0,0,1,9,14
4570045,2009,0,94.11479949951172,0,202,66,182,4,177,331
4570045,2010,.7626601457595825,94.66887664794922,0,181,69,162,4,207,302
4570045,2011,3.423224687576294,96.94544982910156,0,175,61,152,4,168,275
4570045,2012,8.107169151306152,98.65201568603516,0,165,56,154,4,134,273
4570052,2011,3.423224687576294,95.24800109863281,19,167,26,103,2,118,250
4570052,2012,8.107169151306152,99.66283416748047,11,169,26,98,2,114,261
4570078,2009,0,95.88524627685547,0,220,102,209,0,0,305
4570086,2009,0,85.02439117431641,5,27,2,14,2,35,41
4570086,2010,.7626601457595825,104.7000045776367,0,16,1,0,2,19,20
4570086,2012,8.107169151306152,91.64706420898438,0,4,2,0,1,14,17
4570094,2009,0,93.34455108642578,30,416,116,276,,390,624
4570094,2010,.7626601457595825,94.24758911132813,21,385,118,261,5,328,622
4570094,2011,3.423224687576294,93.27318572998047,35,348,111,237,4,320,593
4570110,2009,0,87.73271179199219,242,2194,177,1407,11,937,3427
4570110,2011,3.423224687576294,88.90656280517578,214,1915,265,1240,9,805,3307
4570110,2012,8.107169151306152,89.78152465820313,178,1845,306,1189,8,829,3378
4570128,2009,0,95.76724243164063,8,58,8,38,2,90.40000000000001,116
4570128,2010,.7626601457595825,94.26589965820313,9,94,19,60,2,87.5,173
4570128,2012,8.107169151306152,96.4375,3,72,17,57,2,71.3,144
4570136,2009,0,78.56050872802734,590,3761,1087,3246,17,887,5834
4570136,2010,.7626601457595825,79.55197906494141,640,3371,959,2803,17,895,5714
4570136,2011,3.423224687576294,78.56052398681641,1119,3183,988,2635,17,861,5659
4570136,2012,8.107169151306152,77.40132141113281,786,3035,995,2491,17,796,5741
4570169,2009,0,99.10714721679688,4,20,3,7,1,28.5,28
4570169,2010,.7626601457595825,97.57894897460938,4,20,2,4,1,19.6,19
4570169,2012,8.107169151306152,101.7916641235352,3,17,1,3,1,18,24
4573700,2010,.7626601457595825,89.88461303710938,0,29,7,5,3,38.2,78
4573700,2011,3.423224687576294,97.60293579101563,0,30,12,6,3,30.2,68
4573700,2012,8.107169151306152,100.1449279785156,0,29,15,4,2,36.5,69
4575267,2009,0,86.53395080566406,111,1602,281,711,17,1220,2931
4575267,2010,.7626601457595825,71.57432556152344,98,2013,440,930,17,1306,3599
4575267,2011,3.423224687576294,64.61703491210938,111,2039,413,1013,17,1118,3922
4575267,2012,8.107169151306152,64.13570404052734,92,2081,447,1012,17,1276,3994
4770185,2009,0,90.17143249511719,0,53,7,31,1,58,105
4770185,2012,5.272407531738281,96.77570343017578,7,47,8,21,1,79,107
4770193,2009,0,89.90000152587891,2,6,1,4,1,8,10
4770193,2011,1.661681652069092,80.9375,2,5,1,3,1,8,16
4770201,2009,0,93.45033264160156,25,109,25,65,1,134.7,151
4770201,2012,5.272407531738281,96.34682464599609,28,84,29,54,1,89.90000000000001,173
4770243,2009,0,93.51933288574219,30,99,5,43,1,177,181
4770243,2011,1.661681652069092,94.76388549804688,18,78,2,25,1,72,144
4770250,2010,0,85.69230651855469,21,64,7,32,1,34,104
4770250,2011,1.661681652069092,97.16129302978516,20,59,8,28,1,31,93
4770250,2012,5.272407531738281,96.32926940917969,13,48,5,28,1,31,82
4770292,2010,0,92.33333587646484,6,1,1,0,1,6.8,12
4770292,2009,0,78.16667175292969,4,5,2,0,1,6.8,12
4770292,2012,5.272407531738281,89.125,0,5,0,0,1,4,8
4770318,2010,0,100.4313659667969,1,26,3,9,1,47,51
4770318,2009,0,101.5882339477539,0,32,2,11,1,44,51
4770318,2011,1.661681652069092,99.28260803222656,0,4,7,12,1,42,46
4770318,2012,5.272407531738281,105.1500015258789,1,31,8,11,1,36,40
4770326,2009,0,102.4393920898438,10,123,24,58,1,41.5,132
4770326,2011,1.661681652069092,94.56179809570313,27,122,22,63,1,45.8,178
4770326,2012,5.272407531738281,98.75308227539063,18,111,24,43,1,44.3,162
4770334,2010,0,87.18260955810547,0,26,12,0,4,36,115
4770359,2011,1.661681652069092,99.51851654052734,11,13,1,0,1,22,27
4770359,2012,5.272407531738281,94.72727203369141,7,18,4,1,1,24,33
4770375,2010,0,76.60869598388672,0,10,2,3,2,17,23
4770375,2009,0,69.04347229003906,0,11,0,4,1,14.5,23
4770375,2012,5.272407531738281,107.5384674072266,0,6,0,4,2,12.1,13
4770383,2010,0,102.6153793334961,0,20,4,15,0,0,26
4770409,2011,1.661681652069092,92.92856597900391,0,1,0,24,1,4,84
4770409,2012,5.272407531738281,101.2624969482422,0,10,0,17,1,5,80
4770417,2010,0,97.23944091796875,11,85,5,23,1,85.7,142
4770417,2011,1.661681652069092,103.4569473266602,9,91,7,24,1,106.5,151
4770417,2012,5.272407531738281,91.82926940917969,0,79,9,45,1,45,164
4770425,2010,0,89.122802734375,93,337,94,295,2,129.7,627
4770425,2011,1.661681652069092,95.61862945556641,62,306,97,270,2,97.5,569
4770458,2009,0,90.59375,0,22,4,8,2,15,32
4770458,2010,0,87.8125,0,15,2,3,1,18,32
4770458,2011,1.661681652069092,96.61289978027344,0,18,1,3,1,25,31
4770458,2012,5.272407531738281,95.40625,0,15,1,3,1,25,32
4770466,2011,1.661681652069092,88.30496215820313,0,326,69,267,8,95,705
4770466,2012,5.272407531738281,93.88102722167969,0,300,44,258,6,58,622
4770482,2009,0,90.54895782470703,23,165,16,63,2,110.4,337
4770482,2012,5.272407531738281,98.11029815673828,19,124,18,57,2,106,272
4770490,2009,0,100.3076858520508,30,26,4,11,1,30,39
4770490,2011,1.661681652069092,84.89795684814453,1,29,3,12,1,28,49
4770490,2012,5.272407531738281,103.9591827392578,0,34,4,9,1,30,49
4770508,2009,0,92.59841918945313,63,518,167,345,6,197.4,1011
4770508,2010,0,93.12364196777344,40,462,171,291,6,240.2,1011
4770516,2010,0,87.796875,0,352,108,246,6,163,704
4770516,2009,0,92.36338043212891,15,408,129,321,6,252,721
4770516,2011,1.661681652069092,93.63285827636719,0,379,97,269,6,206,700
4770516,2012,5.272407531738281,95.15396118164063,0,397,83,291,6,214,695
4773684,2009,0,91.83792114257813,45,126,25,70,4,206.5,327
4773684,2011,1.661681652069092,91.38532257080078,34,142,9,81,5,262.1,327
4773684,2012,5.272407531738281,93.04049682617188,22,132,13,132,5,289.8,321
4776455,2010,0,93.64804840087891,0,381,101,250,6,322.1,716
4776455,2011,1.661681652069092,94.58689880371094,0,367,99,242,5,270,702
4776455,2012,5.272407531738281,97.28125,0,357,98,219,5,222.5,672
4970599,2010,0,96.3671875,7,61,10,65,1,44,128
4970599,2009,0,96.96295928955078,11,59,11,62,1,44,135
4970656,2012,10.4739465713501,96.4730224609375,44,450,123,374,3,19,1427
4970698,2010,0,82.06666564941406,5,23,4,24,2,25,45
4970763,2010,0,69.84782409667969,0,18,1,10,2,29,92
4970763,2009,0,90.45652008056641,4,26,1,15,2,55,92
4970763,2011,5.076141834259033,87.09999847412109,7,16,2,8,2,33.6,70
4970763,2012,10.4739465713501,97.66666412353516,0,13,1,3,1,35,57
4970813,2010,0,92.15789031982422,7,55,0,18,2,54,95
4970813,2009,0,98.19587707519531,15,62,1,30,2,64,97
4970813,2012,10.4739465713501,96.41025543212891,2,53,1,20,3,49,78
4971001,2010,0,92.33333587646484,0,0,27,88,1,15,171
4971001,2011,5.076141834259033,94.18856811523438,0,97,35,92,1,11,175
4975390,2009,0,93.68013000488281,80,645,249,784,5,345,2154
4975390,2011,5.076141834259033,96.35916900634766,49,515,224,582,5,323,1974
5271472,2010,0,89.23041534423828,45,348,161,244,3,223,651
5271472,2012,4.907252788543701,97.13322448730469,0,336,154,220,2,219.4,623
5271498,2011,0,93.60527801513672,49,548,85,231,11,1100,1933
5271498,2009,0,94.49563598632813,0,611,82,260,11,1100,1947
5271514,2009,0,102.6666641235352,1,6,0,3,0,1,9
5271522,2011,0,90.69503021240234,0,625,109,352,6,545,987
5271522,2010,0,95.58835601806641,0,633,99,370,7,647,962
5271548,2011,0,93.44168853759766,0,99,11,34,4,335.6,403
5271548,2012,4.907252788543701,98.82945251464844,0,93,0,54,4,316.6,387
5271555,2010,0,92.53488922119141,0,45,17,30,0,0,86
5271555,2009,0,98.64102935791016,0,48,11,36,0,0,78
5271563,2009,0,94.03086853027344,39,172,52,107,2,168.9,324
5271563,2010,0,92.45062255859375,36,181,63,111,2,159.4,324
5271563,2011,0,93.4588623046875,24,180,65,107,2,139.6,316
5271563,2012,4.907252788543701,96.83831787109375,0,185,59,109,2,137.9,334
5271571,2011,0,97.82270050048828,22,238,31,104,3,298,564
5271589,2011,0,94.71794891357422,0,14,5,12,1,24,39
5271589,2010,0,72.34146881103516,0,12,1,6,1,14,41
5271589,2009,0,94.09755706787109,0,23,2,15,1,15,41
5271589,2012,4.907252788543701,101.3947372436523,0,22,1,11,1,25,38
5271605,2009,0,4.401515007019043,1,75,19,4,0,0,132
5271613,2009,0,97.34999847412109,17,14,0,5,2,19,20
5271621,2010,0,89.98195648193359,62,991,208,443,16,678,2217
5271621,2011,0,93.22035980224609,45,1015,201,424,16,439,2210
5271621,2009,0,97.00855255126953,75,1095,230,544,16,678,2221
5271639,2010,0,87.43995666503906,0,913,265,657,16,487,1907
5271639,2011,0,88.06262969970703,0,903,14,668,16,446,1900
5271639,2009,0,93.13005065917969,1,883,271,780,16,521,1907
5271647,2009,0,83.69091033935547,0,89,8,50,1,53.4,165
5271647,2010,0,99.25352478027344,0,95,11,42,1,58.6,142
5271647,2012,4.907252788543701,96.86231994628906,0,88,14,48,2,53,138
5271654,2010,0,100,29,120,27,90,1,84,242
5271654,2011,0,96.95161437988281,12,120,25,84,2,84,248
5371662,2009,0,94.64948272705078,0,59,13,0,1,82,97
5371662,2011,2.667970895767212,91.39175415039063,5,43,7,32,1,72,97
5371662,2012,6.694080352783203,103.1428604125977,3,36,8,29,1,78,84
5371670,2010,0,84,0,7,2,2,0,0,13
5371688,2009,0,86.22222137451172,0,5,1,2,1,12.5,9
5371688,2010,0,102.25,0,4,2,5,2,15,12
5371688,2011,2.667970895767212,104.4999923706055,0,6,2,3,1,56,12
5371688,2012,6.694080352783203,100.6666717529297,0,5,0,4,1,15,12
5371696,2009,0,88.74809265136719,17,85,13,35,2,73,131
5371696,2010,0,99.46491241455078,17,75,17,30,2,71.7,114
5371696,2012,6.694080352783203,100.9542007446289,15,83,20,40,2,75,131
5371738,2009,0,98.11111450195313,2,52,0,27,0,0,81
5371738,2011,2.667970895767212,98.74073791503906,0,54,1,22,0,0,81
5371738,2012,6.694080352783203,98.30681610107422,0,52,0,19,0,0,88
5371746,2011,2.667970895767212,87.20967864990234,0,27,4,7,2,54,62
5371761,2012,6.694080352783203,90.58823394775391,3,4,2,7,0,0,17
5373833,2010,0,95.90598297119141,8,81,0,18,7,121,117
5373833,2009,0,92.41481781005859,11,92,3,25,6,102,135
5373833,2011,2.667970895767212,88.87705230712891,7,67,0,13,8,79,122
5375028,2009,0,92.4630126953125,26,198,17,56,5,230,365
5375028,2010,0,91.09577178955078,38,180,13,55,4,221,355
5375028,2012,6.694080352783203,92.875,27,139,11,41,4,207,336
5376513,2010,0,86.76045227050781,24,439,79,332,6,415,789
5376513,2011,2.667970895767212,92.61664581298828,45,440,87,284,4.5,548,793
5376513,2012,6.694080352783203,93.75871276855469,3,427,76,269,4.5,480,775
5572306,2011,3.057636260986328,92.90677642822266,7,68,16,68,3,117,118
5572306,2010,3.445899486541748,91.70732116699219,11,66,12,33,2,105,123
5572306,2012,12.92824840545654,99.01960754394531,5,60,15,31,3,114,102
5572348,2011,3.057636260986328,93.34442138671875,11,366,72,265,7,238,601
5572348,2012,12.92824840545654,97.71842956542969,8,355,64,200,7,227,586
5572355,2009,0,92.48064422607422,0,344,85,240,6,318,620
5572355,2012,12.92824840545654,96.37863922119141,60,290,48,178,7,300,515
5572363,2011,3.057636260986328,55.55007553100586,12,345,62,201,4,123,669
5572363,2010,3.445899486541748,64.04679870605469,18,233,58,198,5,127.7,641
5572363,2012,12.92824840545654,54.07898712158203,10,338,75,221,5,118,671
5572371,2011,3.057636260986328,94.08426666259766,54,367,105,271,6,244,712
5572371,2012,12.92824840545654,94.60293579101563,78,336,99,259,4,260,680
5572389,2009,0,87.09066009521484,26,870,146,717,10,379,1489
5572389,2010,3.445899486541748,89.23423004150391,29,793,163,653,9,364,1379
5572389,2012,12.92824840545654,92.05175018310547,63,695,166,494,9,301,1256
5572397,2009,0,94.39691925048828,67,339,73,255,4,206,519
5572397,2011,3.057636260986328,94.54962158203125,0,3,77,229,4,181.5,524
5572397,2012,12.92824840545654,98.10934448242188,0,10,78,207,4,176.6,503
5572413,2009,0,51.46365737915039,7,586,181,528,10,234,908
5572413,2011,3.057636260986328,48.66427230834961,0,607,194,547,5,229,974
5572413,2012,12.92824840545654,54.12814712524414,0,661,168,460,5,215,874
5572421,2009,0,91.64170837402344,19,278,49,189,7,132,374
5572421,2011,3.057636260986328,93.94801330566406,6,216,60,133,7,128,327
5572421,2010,3.445899486541748,90.38623046875,10,224,58,143,7,113,334
5572421,2012,12.92824840545654,108.2939071655273,1,201,45,107,7,125,279
5575184,2011,3.057636260986328,78.16404724121094,20,206,36,138,4,171,445
5575184,2012,12.92824840545654,99.00270080566406,15,207,32,129,4,163,370
